headline,label
This one trick will change your life,1
10 reasons why cats are better than dogs,1
You won't believe what happened next,1
Scientists discover new species,0
Local man helps neighbor with groceries,0
New study reveals health benefits of walking,0
How to save money this year,0
Breaking: celebrity announces new album,1
The simple way to improve your sleep,0
Experts explain how to build a birdhouse,0
This photo will make you cry,1
Doctors hate this one weird hack,1
Earn $5000 a week from home,1
What happened next shocked everyone,1
The ultimate guide to productivity,0
She tried this method and lost 20 pounds,1
Top 5 foods you should avoid,0
This is what happens when you stop eating sugar,1
He couldn't believe his eyes after doing this,1
5 habits that are ruining your life,1
City council passes new park law,0
New restaurant opens downtown,0
Why you should visit the national park this year,0
How to fix your car in under an hour,0
The secret to waking up early effortlessly,1
You won't guess how this ends,1
Men are rushing to buy this product,1
The easy trick to get free flights,1
Woman discovers a hidden room in her house,1
Scientists explain how to grow a plant from an avocado pit,0
